Node,Original,New Link
https://zukureview.com/node/100734/tester,https://www.msdvetmanual.com/multimedia/table/v54953724,
https://zukureview.com/node/100728/tester,https://www.msdvetmanual.com/multimedia/table/resting-heart-rates,
https://zukureview.com/node/100618/tester,https://www.msdvetmanual.com/multimedia/v4742523,
https://zukureview.com/node/100604/tester,https://www.msdvetmanual.com/multimedia/v4731452,
https://zukureview.com/node/100399/tester,https://www.msdvetmanual.com/multimedia/v4730783,
https://zukureview.com/node/21722/tester,https://www.msdvetmanual.com/multimedia/zk/v13100613,
https://zukureview.com/node/21688/tester,https://www.msdvetmanual.com/multimedia/v4736087,
https://zukureview.com/node/21688/tester,https://www.msdvetmanual.com/multimedia/v4739164,
https://zukureview.com/node/21685/tester,https://www.msdvetmanual.com/multimedia/v4730828,
https://zukureview.com/node/21663/tester,https://www.msdvetmanual.com/multimedia/v4730924,
https://zukureview.com/node/21663/tester,https://www.msdvetmanual.com/multimedia/v4730933,
https://zukureview.com/node/21663/tester,https://www.msdvetmanual.com/multimedia/v4730942,
https://zukureview.com/node/21640/tester,https://www.msdvetmanual.com/multimedia/image/v9051381,
https://zukureview.com/node/21629/tester,https://www.msdvetmanual.com/multimedia/video/v4746146,
https://zukureview.com/node/21576/tester,https://www.msdvetmanual.com/multimedia/v4735934,
https://zukureview.com/node/21576/tester,https://www.msdvetmanual.com/multimedia/v4735943,
https://zukureview.com/node/21576/tester,https://www.msdvetmanual.com/multimedia/v4735970,
https://zukureview.com/node/21530/tester,https://www.msdvetmanual.com/multimedia/v50504906,
https://zukureview.com/node/21072/tester,https://www.msdvetmanual.com/multimedia/v4740044,
https://zukureview.com/node/21072/tester,https://www.msdvetmanual.com/multimedia/v4740035,
https://zukureview.com/node/21067/tester,https://www.msdvetmanual.com/multimedia/zk/v14456591,
https://zukureview.com/node/21062/tester,https://www.msdvetmanual.com/multimedia/zk/v52140362,
https://zukureview.com/node/21056/tester,https://www.msdvetmanual.com/multimedia/v11741850,
https://zukureview.com/node/21053/tester,https://www.msdvetmanual.com/multimedia/zk/v4740467,
https://zukureview.com/node/21053/tester,https://www.msdvetmanual.com/multimedia/v4740467,
https://zukureview.com/node/21050/tester,https://www.msdvetmanual.com/multimedia/zk/v23356461,
https://zukureview.com/node/21050/tester,https://www.msdvetmanual.com/multimedia/v23356461,
https://zukureview.com/node/21049/tester,https://www.msdvetmanual.com/multimedia/v23356317,
https://zukureview.com/node/21048/tester,https://www.msdvetmanual.com/multimedia/zk/v23356289,
https://zukureview.com/node/21047/tester,https://www.msdvetmanual.com/multimedia/zk/v23356296,
https://zukureview.com/node/21045/tester,https://www.msdvetmanual.com/multimedia/zk/v54156765,
https://zukureview.com/node/21045/tester,https://www.msdvetmanual.com/multimedia/zk/v54156772,
https://zukureview.com/node/21019/tester,https://www.msdvetmanual.com/multimedia/v4732811,
https://zukureview.com/node/21014/tester,https://www.msdvetmanual.com/multimedia/zk/v4737445,
https://zukureview.com/node/21004/tester,https://www.msdvetmanual.com/multimedia/v11723757,
https://zukureview.com/node/20801/tester,https://www.msdvetmanual.com/multimedia/zk/v4739209,
https://zukureview.com/node/20801/tester,https://www.msdvetmanual.com/multimedia/v4739209,
https://zukureview.com/node/20800/tester,https://www.msdvetmanual.com/multimedia/zk/v4739182,
https://zukureview.com/node/20799/tester,https://www.msdvetmanual.com/multimedia/zk/v50504738,
https://zukureview.com/node/20798/tester,https://www.msdvetmanual.com/multimedia/zk/v49773288,
https://zukureview.com/node/20798/tester,https://www.msdvetmanual.com/multimedia/v49773281,
https://zukureview.com/node/20598/tester,https://www.msdvetmanual.com/multimedia/image/v4766565,
https://zukureview.com/node/20597/tester,https://www.msdvetmanual.com/multimedia/image/EXL_stomach_llama,
https://zukureview.com/node/17809/tester,https://www.msdvetmanual.com/multimedia/zk/v4731785,
https://zukureview.com/node/17555/tester,https://www.msdvetmanual.com/multimedia/v12762617,
https://zukureview.com/node/17298/tester,https://www.msdvetmanual.com/multimedia/v82358084,
https://zukureview.com/node/17284/tester,https://www.msdvetmanual.com/multimedia/v9051369,
https://zukureview.com/node/17275/tester,https://www.msdvetmanual.com/multimedia/v12762083,
https://zukureview.com/node/17272/tester,https://www.msdvetmanual.com/multimedia/v14343792,
https://zukureview.com/node/17234/tester,https://www.msdvetmanual.com/multimedia/v4737193,
https://zukureview.com/node/17232/tester,https://www.msdvetmanual.com/multimedia/v73286843,
https://zukureview.com/node/17223/tester,https://www.msdvetmanual.com/multimedia/v12750602,
https://zukureview.com/node/17223/tester,https://www.msdvetmanual.com/multimedia/v12750616,
https://zukureview.com/node/17223/tester,https://www.msdvetmanual.com/multimedia/v12750609,
https://zukureview.com/node/17204/tester,https://www.msdvetmanual.com/multimedia/v15798628,
https://zukureview.com/node/17162/tester,https://www.msdvetmanual.com/multimedia/v21850480,
https://zukureview.com/node/17162/tester,https://www.msdvetmanual.com/multimedia/v4731047,
https://zukureview.com/node/17155/tester,https://www.msdvetmanual.com/multimedia/v23356392,
https://zukureview.com/node/17151/tester,https://www.msdvetmanual.com/multimedia/v51546638,
https://zukureview.com/node/17112/tester,https://www.msdvetmanual.com/multimedia/v12750623,
https://zukureview.com/node/17100/tester,https://www.msdvetmanual.com/multimedia/zk/v11723673?,
https://zukureview.com/node/17092/tester,https://www.msdvetmanual.com/multimedia/v4731695,
https://zukureview.com/node/17084/tester,https://www.msdvetmanual.com/multimedia/v4739972,
https://zukureview.com/node/17075/tester,https://www.msdvetmanual.com/multimedia/v12750630,
https://zukureview.com/node/17066/tester,https://www.msdvetmanual.com/multimedia/zk/v50146875,
https://zukureview.com/node/17065/tester,https://www.msdvetmanual.com/multimedia/v4737769,
https://zukureview.com/node/17037/tester,https://www.msdvetmanual.com/multimedia/v4731416,
https://zukureview.com/node/16761/tester,https://www.msdvetmanual.com/multimedia/v11622903,
https://zukureview.com/node/16671/tester,https://www.msdvetmanual.com/multimedia/v56771805,
https://zukureview.com/node/16636/tester,https://www.msdvetmanual.com/multimedia/v4737625,
https://zukureview.com/node/16635/tester,https://www.msdvetmanual.com/multimedia/v4733726,
https://zukureview.com/node/16609/tester,https://www.msdvetmanual.com/multimedia/v4730333,
https://zukureview.com/node/16576/tester,https://www.msdvetmanual.com/multimedia/v11622826,
https://zukureview.com/node/16576/tester,https://www.msdvetmanual.com/multimedia/v9030656,
https://zukureview.com/node/14430/tester,https://www.msdvetmanual.com/multimedia/v63198453,
https://zukureview.com/node/14271/tester,https://www.msdvetmanual.com/multimedia/zk/v4730924,
https://zukureview.com/node/14251/tester,https://www.msdvetmanual.com/multimedia/zk/v67027179,
https://zukureview.com/node/14214/tester,https://www.msdvetmanual.com/multimedia/zk/v62076497,
https://zukureview.com/node/13955/tester,https://www.msdvetmanual.com/multimedia/zk/v11723645,
https://zukureview.com/node/13941/tester,https://www.msdvetmanual.com/multimedia/v51048398,
https://zukureview.com/node/13912/tester,https://www.msdvetmanual.com/multimedia/zk/v4736168,
https://zukureview.com/node/13820/tester,https://www.msdvetmanual.com/multimedia/v4734221,
https://zukureview.com/node/13820/tester,https://www.msdvetmanual.com/multimedia/v4734185,
https://zukureview.com/node/13405/tester,https://www.msdvetmanual.com/multimedia/v4738498,
https://zukureview.com/node/13405/tester,https://www.msdvetmanual.com/multimedia/v4738489,
https://zukureview.com/node/13402/tester,https://www.msdvetmanual.com/multimedia/v4741376,
https://zukureview.com/node/13401/tester,https://www.msdvetmanual.com/multimedia/v4741718,
https://zukureview.com/node/13401/tester,https://www.msdvetmanual.com/multimedia/v4741682?Ref=t&ItemId=v4741682&RefId=toxicology/plants_poisonous_to_animals/range_plants_of_temperate_north_america,
https://zukureview.com/node/13399/tester,https://www.msdvetmanual.com/multimedia/v4741304,
https://zukureview.com/node/13397/tester,https://www.msdvetmanual.com/multimedia/v4741880,
https://zukureview.com/node/13396/tester,https://www.msdvetmanual.com/multimedia/v4741241,
https://zukureview.com/node/13393/tester,https://www.msdvetmanual.com/multimedia/v4741511,
https://zukureview.com/node/13391/tester,https://www.msdvetmanual.com/multimedia/v4741484,
https://zukureview.com/node/13387/tester,https://www.msdvetmanual.com/multimedia/v4741367,
https://zukureview.com/node/13386/tester,https://www.msdvetmanual.com/multimedia/v4742015,
https://zukureview.com/node/13359/tester,https://www.msdvetmanual.com/multimedia/video/v51546728,
https://zukureview.com/node/13346/tester,https://www.msdvetmanual.com/multimedia/v74005751,
https://zukureview.com/node/13289/tester,https://www.msdvetmanual.com/multimedia/v56771903,
https://zukureview.com/node/13263/tester,https://www.msdvetmanual.com/multimedia/v4740305,
https://zukureview.com/node/13103/tester,https://www.msdvetmanual.com/multimedia/zk/v4739810,
https://zukureview.com/node/13103/tester,https://www.msdvetmanual.com/multimedia/v4739954,
https://zukureview.com/node/13103/tester,https://www.msdvetmanual.com/multimedia/v46123474,
https://zukureview.com/node/13103/tester,https://www.msdvetmanual.com/multimedia/v45185885,
https://zukureview.com/node/13100/tester,https://www.msdvetmanual.com/multimedia/v4737004,
https://zukureview.com/node/13098/tester,https://www.msdvetmanual.com/multimedia/zk/v4734662,
https://zukureview.com/node/13098/tester,https://www.msdvetmanual.com/multimedia/v4734662,
https://zukureview.com/node/13096/tester,https://www.msdvetmanual.com/multimedia/zk/v4734167,
https://zukureview.com/node/13095/tester,https://www.msdvetmanual.com/multimedia/zk/v4736500,
https://zukureview.com/node/13095/tester,https://www.msdvetmanual.com/multimedia/zk/v4736491,
https://zukureview.com/node/13094/tester,https://www.msdvetmanual.com/multimedia/zk/v55261625,
https://zukureview.com/node/13092/tester,https://www.msdvetmanual.com/multimedia/zk/v4740773,
https://zukureview.com/node/13090/tester,https://www.msdvetmanual.com/multimedia/zk/v4735292,
https://zukureview.com/node/13086/tester,https://www.msdvetmanual.com/multimedia/v4738156,
https://zukureview.com/node/13083/tester,https://www.msdvetmanual.com/multimedia/zk/v4738075,
https://zukureview.com/node/13083/tester,https://www.msdvetmanual.com/multimedia/v4738075,
https://zukureview.com/node/13081/tester,https://www.msdvetmanual.com/multimedia/zk/v49774286,
https://zukureview.com/node/13081/tester,https://www.msdvetmanual.com/multimedia/v49774286,
https://zukureview.com/node/13079/tester,https://www.msdvetmanual.com/multimedia/v9053836,
https://zukureview.com/node/13073/tester,https://www.msdvetmanual.com/multimedia/zk/v53770981,
https://zukureview.com/node/13070/tester,https://www.msdvetmanual.com/multimedia/zk/v4736761,
https://zukureview.com/node/13070/tester,https://www.msdvetmanual.com/multimedia/v4740593,
https://zukureview.com/node/13062/tester,https://www.msdvetmanual.com/multimedia/zk/v4738975,
https://zukureview.com/node/13046/tester,https://www.msdvetmanual.com/multimedia/v4730297,
https://zukureview.com/node/13044/tester,https://www.msdvetmanual.com/multimedia/v4733888,
https://zukureview.com/node/13044/tester,https://www.msdvetmanual.com/multimedia/v4733924,
https://zukureview.com/node/13044/tester,https://www.msdvetmanual.com/multimedia/v11723764,
https://zukureview.com/node/13042/tester,https://www.msdvetmanual.com/multimedia/v49774429,
https://zukureview.com/node/13034/tester,https://www.msdvetmanual.com/multimedia/zk/v14456570,
https://zukureview.com/node/13030/tester,https://www.msdvetmanual.com/multimedia/v53770981,
https://zukureview.com/node/13027/tester,https://www.msdvetmanual.com/multimedia/v49801760,
https://zukureview.com/node/13026/tester,https://www.msdvetmanual.com/multimedia/zk/v11723428,
https://zukureview.com/node/13025/tester,https://www.msdvetmanual.com/multimedia/zk/v62076467,
https://zukureview.com/node/13025/tester,https://www.msdvetmanual.com/multimedia/v62076467,
https://zukureview.com/node/13020/tester,https://www.msdvetmanual.com/multimedia/zk/v4734707,
https://zukureview.com/node/13017/tester,https://www.msdvetmanual.com/multimedia/zk/v4734185,
https://zukureview.com/node/13013/tester,https://www.msdvetmanual.com/multimedia/zk/v55284897,
https://zukureview.com/node/13013/tester,https://www.msdvetmanual.com/multimedia/v4740773,
https://zukureview.com/node/13013/tester,https://www.msdvetmanual.com/multimedia/v55284953,
https://zukureview.com/node/13003/tester,https://www.msdvetmanual.com/multimedia/v4732802,
https://zukureview.com/node/13000/tester,https://www.msdvetmanual.com/multimedia/zk/v63198995,
https://zukureview.com/node/12983/tester,https://www.msdvetmanual.com/multimedia/v51546626,
https://zukureview.com/node/12977/tester,https://www.msdvetmanual.com/multimedia/zk/v4736626,
https://zukureview.com/node/12975/tester,https://www.msdvetmanual.com/multimedia/zk/v21850467,
https://zukureview.com/node/12975/tester,https://www.msdvetmanual.com/multimedia/v21850474,
https://zukureview.com/node/12971/tester,https://www.msdvetmanual.com/multimedia/v11588710,
https://zukureview.com/node/12969/tester,https://www.msdvetmanual.com/multimedia/v4732973,
https://zukureview.com/node/12955/tester,https://www.msdvetmanual.com/multimedia/v4730306,
https://zukureview.com/node/12955/tester,https://www.msdvetmanual.com/multimedia/v4741151,
https://zukureview.com/node/12954/tester,https://www.msdvetmanual.com/multimedia/v4730684,
https://zukureview.com/node/12954/tester,https://www.msdvetmanual.com/multimedia/v4730819,
https://zukureview.com/node/12954/tester,https://www.msdvetmanual.com/multimedia/v4730756,
https://zukureview.com/node/12933/tester,https://www.msdvetmanual.com/multimedia/v71775091,
https://zukureview.com/node/12933/tester,https://www.msdvetmanual.com/multimedia/v4790765,
https://zukureview.com/node/12925/tester,https://www.msdvetmanual.com/multimedia/v4733789,
https://zukureview.com/node/12923/tester,https://www.msdvetmanual.com/multimedia/zk/v52140797,
https://zukureview.com/node/12918/tester,https://www.msdvetmanual.com/multimedia/v4766717,
https://zukureview.com/node/12918/tester,https://www.msdvetmanual.com/multimedia/v12762090,
https://zukureview.com/node/12918/tester,https://www.msdvetmanual.com/multimedia/v12762076,
https://zukureview.com/node/12918/tester,https://www.msdvetmanual.com/multimedia/v73287703,
https://zukureview.com/node/12917/tester,https://www.msdvetmanual.com/multimedia/v4736653,
https://zukureview.com/node/12905/tester,https://www.msdvetmanual.com/multimedia/zk/v50504527,
https://zukureview.com/node/12902/tester,https://www.msdvetmanual.com/multimedia/v4737940,
https://zukureview.com/node/12900/tester,https://www.msdvetmanual.com/multimedia/v4737913,
https://zukureview.com/node/12899/tester,https://www.msdvetmanual.com/multimedia/v4736168,
https://zukureview.com/node/12899/tester,https://www.msdvetmanual.com/multimedia/v4736114,
https://zukureview.com/node/12899/tester,https://www.msdvetmanual.com/multimedia/v4736123,
https://zukureview.com/node/12898/tester,https://www.msdvetmanual.com/multimedia/v12762869,
https://zukureview.com/node/12891/tester,https://www.msdvetmanual.com/multimedia/v4746146,
https://zukureview.com/node/12880/tester,https://www.msdvetmanual.com/multimedia/v4732775,
https://zukureview.com/node/12876/tester,https://www.msdvetmanual.com/multimedia/zk/v45185885,
https://zukureview.com/node/12876/tester,https://www.msdvetmanual.com/multimedia/v4739810,
https://zukureview.com/node/12863/tester,https://www.msdvetmanual.com/multimedia/zk/v50504474,
https://zukureview.com/node/12822/tester,https://www.msdvetmanual.com/multimedia/v50146875,
https://zukureview.com/node/12821/tester,https://www.msdvetmanual.com/multimedia/v4740782,
https://zukureview.com/node/12814/tester,https://www.msdvetmanual.com/multimedia/v4738165,
https://zukureview.com/node/12778/tester,https://www.msdvetmanual.com/multimedia/zk/v4736347,
https://zukureview.com/node/12769/tester,https://www.msdvetmanual.com/multimedia/image/v45673629,
https://zukureview.com/node/12656/tester,https://www.msdvetmanual.com/multimedia/v13100627,
https://zukureview.com/node/12567/tester,https://www.msdvetmanual.com/multimedia/image/v44422282,
https://zukureview.com/node/12567/tester,https://www.msdvetmanual.com/multimedia/v11555698,
https://zukureview.com/node/12539/tester,https://www.msdvetmanual.com/multimedia/v4739963,
https://zukureview.com/node/12515/tester,https://www.msdvetmanual.com/multimedia/v4739558,
https://zukureview.com/node/12515/tester,https://www.msdvetmanual.com/multimedia/v4739576,
https://zukureview.com/node/12507/tester,https://https://www.msdvetmanual.com/multimedia/image/babesia-bovis-infected-erythrocytes,
https://zukureview.com/node/12504/tester,https://www.msdvetmanual.com/multimedia/image/babesia-bovis-infected-erythrocytes,
https://zukureview.com/node/12504/tester,https://www.msdvetmanual.com/multimedia/image/mycoplasma-eperythrozoon-suis-porcine-blood-smear,
https://zukureview.com/node/12503/tester,https://www.msdvetmanual.com/multimedia/v4730540,
https://zukureview.com/node/12484/tester,https://www.msdvetmanual.com/multimedia/v4730984,
https://zukureview.com/node/12454/tester,https://www.msdvetmanual.com/multimedia/v4736491,
https://zukureview.com/node/12451/tester,https://www.msdvetmanual.com/multimedia/v59333757,
https://zukureview.com/node/12435/tester,https://www.msdvetmanual.com/multimedia/v55261625,
https://zukureview.com/node/12412/tester,https://www.msdvetmanual.com/multimedia/v54343286,
https://zukureview.com/node/12336/tester,https://www.msdvetmanual.com/multimedia/v4734653,
https://zukureview.com/node/12333/tester,https://www.msdvetmanual.com/multimedia/v14456570,
https://zukureview.com/node/12305/tester,https://www.msdvetmanual.com/multimedia/v82358054,
https://zukureview.com/node/12298/tester,https://www.msdvetmanual.com/multimedia/v4740611,
https://zukureview.com/node/12274/tester,https://www.msdvetmanual.com/multimedia/v4766704,
https://zukureview.com/node/12263/tester,https://www.msdvetmanual.com/multimedia/v59262833,
https://zukureview.com/node/12251/tester,https://www.msdvetmanual.com/multimedia/v4742204,
https://zukureview.com/node/12244/tester,https://www.msdvetmanual.com/multimedia/v4741160,
https://zukureview.com/node/12244/tester,https://www.msdvetmanual.com/multimedia/v4741556,
https://zukureview.com/node/12235/tester,https://www.msdvetmanual.com/multimedia/v21863531,
https://zukureview.com/node/12235/tester,https://www.msdvetmanual.com/multimedia/v21863538,
https://zukureview.com/node/12228/tester,https://www.msdvetmanual.com/multimedia/v4746165?Ref=n&ItemId=v4746165&RefId=x&Speed=256&Plugin=WMP&Error=?,
https://zukureview.com/node/12228/tester,https://www.msdvetmanual.com/multimedia/v4746065?Ref=n&ItemId=v4746065&RefId=x&Speed=256&Plugin=WMP&Error=?,
https://zukureview.com/node/12222/tester,https://www.msdvetmanual.com/multimedia/v9186615,
https://zukureview.com/node/12220/tester,https://www.msdvetmanual.com/multimedia/v4741574,
https://zukureview.com/node/12217/tester,https://www.msdvetmanual.com/multimedia/v4731425,
https://zukureview.com/node/12205/tester,https://www.msdvetmanual.com/multimedia/zk/v4734068,
https://zukureview.com/node/12201/tester,https://www.msdvetmanual.com/multimedia/v15798635,
https://zukureview.com/node/12128/tester,https://www.msdvetmanual.com/multimedia/v4735292,
https://zukureview.com/node/12078/tester,https://www.msdvetmanual.com/multimedia/v50703658,
https://zukureview.com/node/11940/tester,https://www.msdvetmanual.com/multimedia/v4734149,
https://zukureview.com/node/11907/tester,https://www.msdvetmanual.com/multimedia/v4730315,
https://zukureview.com/node/11897/tester,https://www.msdvetmanual.com/multimedia/v12762855,
https://zukureview.com/node/11896/tester,https://www.msdvetmanual.com/multimedia/v16228868,
https://zukureview.com/node/11896/tester,https://www.msdvetmanual.com/multimedia/v16228874,
https://zukureview.com/node/11896/tester,https://www.msdvetmanual.com/multimedia/v16228898,
https://zukureview.com/node/11884/tester,https://www.msdvetmanual.com/multimedia/v51546614,
https://zukureview.com/node/11861/tester,https://www.msdvetmanual.com/multimedia/v4736329,
https://zukureview.com/node/11841/tester,https://www.msdvetmanual.com/multimedia/v53081517,
https://zukureview.com/node/11841/tester,https://www.msdvetmanual.com/multimedia/v21415618,
https://zukureview.com/node/11812/tester,https://www.msdvetmanual.com/multimedia/v54156824,
https://zukureview.com/node/11800/tester,https://www.msdvetmanual.com/multimedia/v4742460,
https://zukureview.com/node/11800/tester,https://www.msdvetmanual.com/multimedia/v4742469,
https://zukureview.com/node/11795/tester,https://www.msdvetmanual.com/multimedia/v54803742,
https://zukureview.com/node/11740/tester,https://www.msdvetmanual.com/multimedia/image/v45394846,
https://zukureview.com/node/11702/tester,https://www.msdvetmanual.com/multimedia/v9036753,
https://zukureview.com/node/11696/tester,https://www.msdvetmanual.com/multimedia/v4741799,
https://zukureview.com/node/11666/tester,https://www.msdvetmanual.com/multimedia/v51048379,
https://zukureview.com/node/11656/tester,https://www.msdvetmanual.com/multimedia/v4736069,
https://zukureview.com/node/11649/tester,https://www.msdvetmanual.com/multimedia/v50504534,
https://zukureview.com/node/11642/tester,https://www.msdvetmanual.com/multimedia/v50504460,
https://zukureview.com/node/11641/tester,https://www.msdvetmanual.com/multimedia/v4741520,
https://zukureview.com/node/11641/tester,https://www.msdvetmanual.com/multimedia/v4741277,
https://zukureview.com/node/11641/tester,https://www.msdvetmanual.com/multimedia/v4741907,
https://zukureview.com/node/11639/tester,https://www.msdvetmanual.com/multimedia/v4738255,
https://zukureview.com/node/11635/tester,https://www.msdvetmanual.com/multimedia/v4741736,
https://zukureview.com/node/11625/tester,https://www.msdvetmanual.com/multimedia/v14456577,
https://zukureview.com/node/11625/tester,https://www.msdvetmanual.com/multimedia/v4737445,
https://zukureview.com/node/11625/tester,https://www.msdvetmanual.com/multimedia/v49778286,
https://zukureview.com/node/11624/tester,https://www.msdvetmanual.com/multimedia/v4736914,
https://zukureview.com/node/11623/tester,https://www.msdvetmanual.com/multimedia/v4735310,
https://zukureview.com/node/11623/tester,https://www.msdvetmanual.com/multimedia/v4735319,
https://zukureview.com/node/11621/tester,https://www.msdvetmanual.com/multimedia/v56770865,
https://zukureview.com/node/11594/tester,https://www.msdvetmanual.com/multimedia/v44015665,
https://zukureview.com/node/11590/tester,https://www.msdvetmanual.com/multimedia/v4741835,
https://zukureview.com/node/11590/tester,https://www.msdvetmanual.com/multimedia/v4741961,
https://zukureview.com/node/11585/tester,https://www.msdvetmanual.com/multimedia/v50147145,
https://zukureview.com/node/11559/tester,https://www.msdvetmanual.com/multimedia/v4730288,
https://zukureview.com/node/11546/tester,https://www.msdvetmanual.com/multimedia/v48661153,
https://zukureview.com/node/11546/tester,https://www.msdvetmanual.com/multimedia/v4739675,
https://zukureview.com/node/11532/tester,https://www.msdvetmanual.com/multimedia/v76144308,
https://zukureview.com/node/11528/tester,https://www.msdvetmanual.com/multimedia/v49774422,
https://zukureview.com/node/11528/tester,https://www.msdvetmanual.com/multimedia/v49774429?,
https://zukureview.com/node/11528/tester,https://www.msdvetmanual.com/multimedia/v49774436,
https://zukureview.com/node/11472/tester,https://www.msdvetmanual.com/multimedia/v49773288,
https://zukureview.com/node/11461/tester,https://www.msdvetmanual.com/multimedia/v4735979,
https://zukureview.com/node/11435/tester,https://www.msdvetmanual.com/multimedia/v12786665,
https://zukureview.com/node/11433/tester,https://www.msdvetmanual.com/multimedia/v4766753,
https://zukureview.com/node/11424/tester,https://www.msdvetmanual.com/multimedia/v4742402,
https://zukureview.com/node/11402/tester,https://www.msdvetmanual.com/multimedia/v4739182,
https://zukureview.com/node/11375/tester,https://www.msdvetmanual.com/multimedia/v50504738,
https://zukureview.com/node/11373/tester,https://www.msdvetmanual.com/multimedia/v62076515,
https://zukureview.com/node/11373/tester,https://www.msdvetmanual.com/multimedia/image/pulmonary-metastasis-radiograph,
https://zukureview.com/node/11337/tester,https://www.msdvetmanual.com/multimedia/zk/v54343286,
https://zukureview.com/node/11336/tester,https://www.msdvetmanual.com/multimedia/v4735382,
https://zukureview.com/node/11326/tester,https://www.msdvetmanual.com/multimedia/v4742123,
https://zukureview.com/node/11316/tester,https://www.msdvetmanual.com/multimedia/v4737967,
https://zukureview.com/node/11281/tester,https://www.msdvetmanual.com/multimedia/v53073749,
https://zukureview.com/node/11281/tester,https://www.msdvetmanual.com/multimedia/v53073773,
https://zukureview.com/node/11270/tester,https://www.msdvetmanual.com/multimedia/v52140446,
https://zukureview.com/node/11268/tester,https://www.msdvetmanual.com/multimedia/image/DIG_equine_gastrointestinal_anatomy,
https://zukureview.com/node/11265/tester,https://www.msdvetmanual.com/multimedia/v4738975,
https://zukureview.com/node/11258/tester,https://www.msdvetmanual.com/multimedia/v4732199,
https://zukureview.com/node/11246/tester,https://www.msdvetmanual.com/multimedia/v4740665,
https://zukureview.com/node/11233/tester,https://www.msdvetmanual.com/multimedia/v77062239,
https://zukureview.com/node/11210/tester,https://www.msdvetmanual.com/multimedia/v4732838,
https://zukureview.com/node/11198/tester,https://www.msdvetmanual.com/multimedia/v4731596,
https://zukureview.com/node/11198/tester,https://www.msdvetmanual.com/multimedia/v4731632,
https://zukureview.com/node/11198/tester,https://www.msdvetmanual.com/multimedia/v4731614,
https://zukureview.com/node/11175/tester,https://www.msdvetmanual.com/multimedia/v4731470,
https://zukureview.com/node/11173/tester,https://www.msdvetmanual.com/multimedia/v54792863,
https://zukureview.com/node/11171/tester,https://www.msdvetmanual.com/multimedia/v4732118,
https://zukureview.com/node/11171/tester,https://www.msdvetmanual.com/multimedia/v4732136,
https://zukureview.com/node/11170/tester,https://www.msdvetmanual.com/multimedia/v4732163,
https://zukureview.com/node/11169/tester,https://www.msdvetmanual.com/multimedia/v4731704,
https://zukureview.com/node/11165/tester,https://www.msdvetmanual.com/multimedia/v4731479,
https://zukureview.com/node/11156/tester,https://www.msdvetmanual.com/multimedia/v4736437,
https://zukureview.com/node/11103/tester,https://www.msdvetmanual.com/multimedia/v9180593,
https://zukureview.com/node/11087/tester,https://www.msdvetmanual.com/multimedia/image/v48829284,
https://zukureview.com/node/11087/tester,https://www.msdvetmanual.com/multimedia/image/v48829302,
https://zukureview.com/node/10992/tester,https://www.msdvetmanual.com/multimedia/zk/v12521708,
https://zukureview.com/node/10977/tester,https://www.msdvetmanual.com/multimedia/v61211944,
https://zukureview.com/node/10977/tester,https://www.msdvetmanual.com/multimedia/v61211976,
https://zukureview.com/node/10932/tester,https://www.msdvetmanual.com/multimedia/v4740557,
https://zukureview.com/node/10910/tester,https://www.msdvetmanual.com/multimedia/v4736644,
https://zukureview.com/node/10910/tester,https://www.msdvetmanual.com/multimedia/v4736635,
https://zukureview.com/node/10901/tester,https://www.msdvetmanual.com/multimedia/v4741709,
https://zukureview.com/node/10901/tester,https://www.msdvetmanual.com/multimedia/v4741682,
https://zukureview.com/node/10901/tester,https://www.msdvetmanual.com/multimedia/v4741988,
https://zukureview.com/node/10901/tester,https://www.msdvetmanual.com/multimedia/v4741466,
https://zukureview.com/node/10901/tester,https://www.msdvetmanual.com/multimedia/v4741439,
https://zukureview.com/node/10901/tester,https://www.msdvetmanual.com/multimedia/v4741475,
https://zukureview.com/node/10868/tester,https://www.msdvetmanual.com/multimedia/v11723645,
https://zukureview.com/node/10815/tester,https://www.msdvetmanual.com/multimedia/zk/v11723673,
https://zukureview.com/node/10803/tester,https://www.msdvetmanual.com/multimedia/v61211988,
https://zukureview.com/node/10801/tester,https://www.msdvetmanual.com/multimedia/v4731236,
https://zukureview.com/node/10755/tester,https://www.msdvetmanual.com/multimedia/v4730975,
https://zukureview.com/node/10723/tester,https://www.msdvetmanual.com/multimedia/v4742514,
https://zukureview.com/node/10617/tester,https://www.msdvetmanual.com/multimedia/v63198824,
https://zukureview.com/node/10608/tester,https://www.msdvetmanual.com/multimedia/v4731911,
https://zukureview.com/node/10606/tester,https://www.msdvetmanual.com/multimedia/v11723470,
https://zukureview.com/node/10606/tester,https://www.msdvetmanual.com/multimedia/v11723463,
https://zukureview.com/node/10604/tester,https://www.msdvetmanual.com/multimedia/v4731785,
https://zukureview.com/node/10604/tester,https://www.msdvetmanual.com/multimedia/v12521708,
https://zukureview.com/node/10581/tester,https://www.msdvetmanual.com/multimedia/v4730915,
https://zukureview.com/node/10580/tester,https://www.msdvetmanual.com/multimedia/v4730774,
https://zukureview.com/node/10576/tester,https://www.msdvetmanual.com/multimedia/v4730324,
https://zukureview.com/node/10572/tester,https://www.msdvetmanual.com/multimedia/v4736761,
https://zukureview.com/node/10486/tester,https://www.msdvetmanual.com/multimedia/v11723547,
https://zukureview.com/node/10475/tester,https://www.msdvetmanual.com/multimedia/v9053781,
https://zukureview.com/node/10475/tester,https://www.msdvetmanual.com/multimedia/v9053775,
https://zukureview.com/node/10469/tester,https://www.msdvetmanual.com/multimedia/image/v21854246,
https://zukureview.com/node/10452/tester,https://www.msdvetmanual.com/multimedia/v4738651,
https://zukureview.com/node/10451/tester,https://www.msdvetmanual.com/multimedia/v4740683,
https://zukureview.com/node/10441/tester,https://www.msdvetmanual.com/multimedia/v52140446?Ref=t&ItemId=v4738984&RefId=musculoskeletal_system/myopathies_in_ruminants_and_pigs/nutritional_myopathies_in_ruminants_and_pigs&Speed=256&Plugin=WMP&Error=,
https://zukureview.com/node/10435/tester,https://www.msdvetmanual.com/multimedia/v50504495,
https://zukureview.com/node/10421/tester,https://www.msdvetmanual.com/multimedia/v15798621,
https://zukureview.com/node/10414/tester,https://www.msdvetmanual.com/multimedia/v4730765,
https://zukureview.com/node/10396/tester,https://www.msdvetmanual.com/multimedia/v11723848,
https://zukureview.com/node/10396/tester,https://www.msdvetmanual.com/multimedia/v4733942,
https://zukureview.com/node/10361/tester,https://www.msdvetmanual.com/multimedia/v4734698,
https://zukureview.com/node/10344/tester,https://www.msdvetmanual.com/multimedia/v4738372,
https://zukureview.com/node/10344/tester,https://www.msdvetmanual.com/multimedia/v4738381,
https://zukureview.com/node/10316/tester,https://www.msdvetmanual.com/multimedia/v4733699,
https://zukureview.com/node/10312/tester,https://www.msdvetmanual.com/multimedia/v4740332,
https://zukureview.com/node/10312/tester,https://www.msdvetmanual.com/multimedia/v4740359,
https://zukureview.com/node/10305/tester,https://www.msdvetmanual.com/multimedia/v4733294,
https://zukureview.com/node/10280/tester,https://www.msdvetmanual.com/multimedia/v4741052,
https://zukureview.com/node/10237/tester,https://www.msdvetmanual.com/multimedia/v4738129,
https://zukureview.com/node/10210/tester,https://www.msdvetmanual.com/multimedia/v67027179,
https://zukureview.com/node/10189/tester,https://www.msdvetmanual.com/multimedia/zk/v50504534,
https://zukureview.com/node/10110/tester,https://www.msdvetmanual.com/multimedia/v23358249,
https://zukureview.com/node/10086/tester,https://www.msdvetmanual.com/multimedia/image/v63198824,
https://zukureview.com/node/10086/tester,https://www.msdvetmanual.com/multimedia/v4730306?,
https://zukureview.com/node/9974/tester,https://www.msdvetmanual.com/multimedia/v4736482,
https://zukureview.com/node/9953/tester,https://www.msdvetmanual.com/multimedia/v4733771,
https://zukureview.com/node/9840/tester,https://www.msdvetmanual.com/multimedia/v8567983,
https://zukureview.com/node/9813/tester,https://www.msdvetmanual.com/multimedia/v4734158,
https://zukureview.com/node/9807/tester,https://www.msdvetmanual.com/multimedia/zk/v4740161,
https://zukureview.com/node/9807/tester,https://www.msdvetmanual.com/multimedia/v4740152,
https://zukureview.com/node/9802/tester,https://www.msdvetmanual.com/multimedia/v51070664,
https://zukureview.com/node/9802/tester,https://www.msdvetmanual.com/multimedia/v44422282,
https://zukureview.com/node/9796/tester,https://www.msdvetmanual.com/multimedia/v4740134,
https://zukureview.com/node/9737/tester,https://www.msdvetmanual.com/multimedia/v4733321,
https://zukureview.com/node/9592/tester,https://www.msdvetmanual.com/multimedia/v49299893,
https://zukureview.com/node/9545/tester,https://www.msdvetmanual.com/multimedia/image/v45305776,
https://zukureview.com/node/9533/tester,https://www.msdvetmanual.com/multimedia/v80030193,
https://zukureview.com/node/9525/tester,https://www.msdvetmanual.com/multimedia/v4736060,
https://zukureview.com/node/9519/tester,https://www.msdvetmanual.com/multimedia/zk/v4742523,
https://zukureview.com/node/9518/tester,https://www.msdvetmanual.com/multimedia/v4742541,
https://zukureview.com/node/9426/tester,https://www.msdvetmanual.com/multimedia/zk/v4740800,
https://zukureview.com/node/13075/tester,https://www.msdvetmanual.com/multimedia/zk/v4740629,
https://zukureview.com/node/13075/tester,https://www.msdvetmanual.com/multimedia/v82358068,
https://zukureview.com/node/12984/tester,https://www.msdvetmanual.com/multimedia/v4740620,
https://zukureview.com/node/11588/tester,https://www.msdvetmanual.com/multimedia/v11723624,
https://zukureview.com/node/11588/tester,https://www.msdvetmanual.com/multimedia/v11723519,
https://zukureview.com/node/9991/tester,https://www.msdvetmanual.com/multimedia/v52140362,
https://zukureview.com/node/9991/tester,https://www.msdvetmanual.com/multimedia/v52140368,
https://zukureview.com/node/9991/tester,https://www.msdvetmanual.com/multimedia/zk/v55244602,
https://zukureview.com/node/14257/tester,https://www.msdvetmanual.com/multimedia/v58901309,
https://zukureview.com/node/13389/tester,https://www.msdvetmanual.com/multimedia/v4741457,
https://zukureview.com/node/10483/tester,https://www.msdvetmanual.com/multimedia/v4766828,
https://zukureview.com/node/10483/tester,https://www.msdvetmanual.com/multimedia/v11723407,
https://zukureview.com/node/10483/tester,https://www.msdvetmanual.com/multimedia/v11723435,
https://zukureview.com/node/9946/tester,https://www.msdvetmanual.com/multimedia/v11723743,
https://zukureview.com/node/9946/tester,https://www.msdvetmanual.com/multimedia/v11723512,
https://zukureview.com/node/10570/tester,https://www.msdvetmanual.com/multimedia/v11723428,
https://zukureview.com/node/17803/tester,https://www.msdvetmanual.com/multimedia/image/v4766753,
https://zukureview.com/node/17142/tester,https://www.msdvetmanual.com/multimedia/v23356138,
https://zukureview.com/node/17138/tester,https://www.msdvetmanual.com/multimedia/v21850501,
https://zukureview.com/node/17138/tester,https://www.msdvetmanual.com/multimedia/v4731092,
https://zukureview.com/node/17138/tester,https://www.msdvetmanual.com/multimedia/v4731182,
https://zukureview.com/node/10468/tester,https://www.msdvetmanual.com/multimedia/v21854246,
https://zukureview.com/node/9833/tester,https://www.msdvetmanual.com/multimedia/v23356289,
https://zukureview.com/node/9833/tester,https://www.msdvetmanual.com/multimedia/v23356275,
https://zukureview.com/node/9833/tester,https://www.msdvetmanual.com/multimedia/v23356268,
https://zukureview.com/node/9833/tester,https://www.msdvetmanual.com/multimedia/v23356365,
https://zukureview.com/node/11363/tester,https://www.msdvetmanual.com/multimedia/v4732109,
https://zukureview.com/node/20664/tester,https://www.msdvetmanual.com/multimedia/image/v23353695,
https://zukureview.com/node/20888/tester,https://www.msdvetmanual.com/multimedia/v23353701,
https://zukureview.com/node/9958/tester,https://www.msdvetmanual.com/multimedia/v11723687,
https://zukureview.com/node/9958/tester,https://www.msdvetmanual.com/multimedia/v11723610,
https://zukureview.com/node/9958/tester,https://www.msdvetmanual.com/multimedia/v4733177,
https://zukureview.com/node/9958/tester,https://www.msdvetmanual.com/multimedia/v11622750,
https://zukureview.com/node/9958/tester,https://www.msdvetmanual.com/multimedia/v11723673,
https://zukureview.com/node/9958/tester,https://www.msdvetmanual.com/multimedia/v4733870,
https://zukureview.com/node/100658/tester,https://www.msdvetmanual.com/multimedia/v4740323,
https://zukureview.com/node/10712/tester,https://www.msdvetmanual.com/multimedia/v82356456,
https://zukureview.com/node/10712/tester,https://www.msdvetmanual.com/multimedia/v82356450,
https://zukureview.com/node/17133/tester,https://www.msdvetmanual.com/multimedia/v4738669,
https://zukureview.com/node/17161/tester,https://www.msdvetmanual.com/multimedia/v56771971,
https://zukureview.com/node/11520/tester,https://www.msdvetmanual.com/multimedia/v52140356,
https://zukureview.com/node/21682/tester,https://www.msdvetmanual.com/multimedia/v4736024,
https://zukureview.com/node/21711/tester,https://www.msdvetmanual.com/multimedia/v4740629,
https://zukureview.com/node/16936/tester,https://www.msdvetmanual.com/multimedia/clinical-calculator/chocolate-toxicity-calculator,
https://zukureview.com/node/10197/tester,https://www.msdvetmanual.com/multimedia/v11128205,
https://zukureview.com/node/9957/tester,https://www.msdvetmanual.com/multimedia/v4767022,
https://zukureview.com/node/12208/tester,https://www.msdvetmanual.com/multimedia/v4731209,
https://zukureview.com/node/17136/tester,https://www.msdvetmanual.com/multimedia/zk/v53081517,
https://zukureview.com/node/9801/tester,https://www.msdvetmanual.com/multimedia/v51070670,
https://zukureview.com/node/11547/tester,https://www.msdvetmanual.com/multimedia/v4739666,
https://zukureview.com/node/16575/tester,https://www.msdvetmanual.com/multimedia/v44694418,
https://zukureview.com/node/16575/tester,https://www.msdvetmanual.com/multimedia/v44694454,
https://zukureview.com/node/16575/tester,https://www.msdvetmanual.com/multimedia/v44694430,
https://zukureview.com/node/12568/tester,https://www.msdvetmanual.com/multimedia/zk/v52139909,
https://zukureview.com/node/11249/tester,https://www.msdvetmanual.com/multimedia/v21432847,
https://zukureview.com/node/12012/tester,https://www.msdvetmanual.com/multimedia/v51546662,
https://zukureview.com/node/10100/tester,https://www.msdvetmanual.com/multimedia/v4736896,
https://zukureview.com/node/10100/tester,https://www.msdvetmanual.com/multimedia/v51545191,
https://zukureview.com/node/11022/tester,https://www.msdvetmanual.com/multimedia/v44246452,
https://zukureview.com/node/9748/tester,https://www.msdvetmanual.com/multimedia/v4735265,
https://zukureview.com/node/11760/tester,http://www.msdvetmanual.com/multimedia/v4766910,
https://zukureview.com/node/12037/tester,https://www.msdvetmanual.com/multimedia/v62076479,
https://zukureview.com/node/11255/tester,https://www.msdvetmanual.com/multimedia/v4730957,
https://zukureview.com/node/10072/tester,https://www.msdvetmanual.com/multimedia/v14479159,
https://zukureview.com/node/11361/tester,https://www.msdvetmanual.com/multimedia/v4732100,
